metric,spearman_rho,p_value
avg_rmsf_all_ph,-0.02734834869250991,0.7006733155456499
delta_rmsf,0.10077601040805784,0.1556449233776806
avg_sasa_all_ph,0.030608754510915954,0.6670059903018053
delta_sasa,0.0379633554135511,0.5935420749107958
