residue,SEQ,residue_pi,SCORE,avg_rmsf_all_ph,delta_rmsf,avg_sasa_all_ph,delta_sasa,pI_group
123,R,10.76,1.093,0.2204394444444444,0.1237849999999999,1.9395666666666669,1.0821,Basic
120,R,10.76,1.075,0.1692322222222222,0.0611849999999999,1.2465333333333333,0.3249499999999998,Basic
97,K,9.74,1.173,0.1542266666666666,0.057155,1.4691722222222223,0.84975,Basic
191,R,10.76,2.047,0.2176383333333333,0.0531949999999999,1.5893222222222223,0.71245,Basic
108,R,10.76,1.331,0.1403527777777777,0.051455,1.6266666666666667,0.2754000000000001,Basic
