metric,spearman_rho,p_value
avg_rmsf_all_ph,-0.06548620726297943,0.3485097442741212
delta_rmsf,0.04514759170635281,0.5183073289526732
avg_sasa_all_ph,-0.012233672173504323,0.8611168788329495
delta_sasa,0.043859369951777014,0.5303267324413474
