residue,SEQ,residue_pi,SCORE,avg_rmsf_all_ph,delta_rmsf,avg_sasa_all_ph,delta_sasa,pI_group
36,Q,5.65,2.077,0.2076938888888888,0.0803299999999999,1.5311499999999998,0.3528,Acidic
57,V,5.96,1.569,0.2035011111111111,0.0581599999999999,1.4403,0.4224499999999997,Acidic
