metric,spearman_rho,p_value
avg_rmsf_all_ph,0.046653854888199175,0.5139645802910835
delta_rmsf,0.0584927876769053,0.41303958772500904
avg_sasa_all_ph,0.0837510369010235,0.24076288648723435
delta_sasa,-0.07523248824264156,0.2921549944352926
